Location,Experience,Job Level,Industry,Employment Type,Welfare,Job Requirements,Follower,Salary
Hồ Chí Minh,1.0,Leader,"['food', 'beverage', 'operations', 'management', 'restaurant', 'hotel']",Official,['specified'],"{'required', 'skills', 'cover', 'direct', 'learn', 'try', 'knowledge', 'fb', 'common', 'building', 'work', 'well', 'enthusiasm', 'good', 'sociable', 'requirements', 'professional', 'office', 'company', 'friendly', 'hotel', 'manager', 'towards', 'strength', 'willing', 'certificate', 'hygiene', 'graduated', 'promoting', 'management', 'leadership', 'cooperation', 'aware', 'health', 'complete', 'set', 'organizational', 'model', 'colleagues', 'qualifications', 'safety', 'year', 'eager', 'withstand', 'overtime', 'solidarity', 'goals', 'least', 'field', 'managers', 'pressure', 'administrativelegal', 'experience', 'must', 'higher', 'tasks', 'take', 'honest', 'high', 'word', 'procedures', 'communication', 'excel', 'email', 'sensitive', 'school', 'able', 'assigned', 'ready', 'always', 'aiming', 'educational', 'collective', 'computer', 'relationships', 'new', 'confident', 'ability', 'food', 'restaurant', 'role', 'powerpoint', 'proficient'}",1838,Cạnh tranh
Hải Dương,5.0,Manager,"['marketing', 'textiles', 'footwear', 'fashion', 'retail', 'wholesale']",Official,"['laptop', 'insurance', 'travel', 'allowance', 'shuttle', 'bus', 'bonus', 'health', 'care', 'training', 'business', 'trip', 'seniority', 'annual', 'leave']","{'trade', 'skills', 'experience', 'given', 'complex', 'building', 'progress', 'negotiation', 'omni', 'good', 'fashion', 'priority', 'channel', 'programs', 'university', 'communication', 'oo', 'frequently', 'ensuring', 'graduated', 'management', 'position', 'major', 'retail', 'marketing', 'promotional', 'model', 'quality', 'implementing', 'relationship', 'ability', 'related', 'team', 'strategies', 'english', 'least', 'years'}",8021,Cạnh tranh
Bình Dương,3.5,Leader,"['software', 'hardware', 'network']",Official,"['insurance', 'travel', 'bonus', 'health', 'care', 'training', 'salary', 'increase']","{'majoring', 'skills', 'experience', 'technology', 'data', 'intermediate', 'university', 'level', 'responsibilities', 'networks', 'communication', 'network', 'information', 'engineering', 'english', 'communications', 'computer', 'years'}",1977,Cạnh tranh
Hồ Chí Minh,2.5,Leader,"['finance', 'investment', 'food', 'beverage', 'restaurant', 'hotel']",Official,"['insurance', 'travel', 'bonus', 'health', 'care', 'training', 'salary', 'increase']","{'flexibly', 'required', 'childrens', 'international', 'pay', 'give', 'report', 'knowledge', 'fb', 'processes', 'building', 'work', 'mens', 'old', 'state', 'working', 'outstanding', 'tinersetc', 'board', 'employee', 'day', 'office', 'malefemale', 'company', 'projectstopics', 'profile', 'loyal', 'changes', 'reporting', 'planning', 'holidaysnew', 'gifts', 'green', 'sensitively', 'project', 'achievements', 'directors', 'position', 'levels', 'industry', 'candidates', 'yep', 'participate', 'electronics', 'observe', 'festival', 'age', 'know', 'midautumn', 'telecommunications', 'year', 'full', 'clear', 'college', 'understanding', 'transparent', 'overtime', 'thank', 'leaders', 'informatics', 'analytically', 'consumer', 'negotiable', 'quickly', 'experience', 'social', 'groups', 'similar', 'tin', 'benefits', 'special', 'consider', 'software', 'birthday', 'resume', 'life', 'university', 'openminded', 'contents', 'unemployment', 'regulations', 'creative', 'seniority', 'situation', 'happy', 'market', 'christmas', 'employees', 'vacation', 'requested', 'depending', 'annual', 'use', 'based', 'extensive', 'research', 'womens', 'according', 'gender', 'development', 'system', 'assistant', 'chain', 'qualification', 'listen', 'bonuses', 'ability', 'restaurant', 'think', 'team', 'events', 'time', 'sharply', 'product', 'individuals', 'years'}",396,Cạnh tranh
Đồng Nai,1.0,Employee,"['mechanical', 'automotive', 'automation', 'maintenance', 'repair']",Official,"['insurance', 'travel', 'allowance', 'bonus', 'health', 'care', 'training', 'salary', 'increase']","{'year', 'high', 'experience', 'higher', 'education', 'level', 'candidates', 'according', 'regulations', 'male', 'careful', 'work', 'school', 'honest', 'graduate'}",3246,Cạnh tranh
Hà Nội,4.0,Employee,"['retail', 'wholesale', 'sales', 'business', 'food', 'beverage']",Official,"['laptop', 'insurance', 'travel', 'allowance', 'bonus', 'health', 'care', 'training', 'salary', 'increase', 'business', 'trip', 'annual', 'leave']","{'skills', 'economics', 'learn', 'proactive', 'negotiation', 'degree', 'office', 'experienced', 'creative', 'willing', 'alcohol', 'administration', 'leadership', 'industry', 'teamwork', 'bachelor', 'college', 'related', 'english', 'ms'}",432,Cạnh tranh
Hà Nội,3.0,Employee,"['banking', 'finance', 'investment']",Official,"['insurance', 'travel', 'bonus', 'health', 'care', 'training', 'salary', 'increase']","{'required', 'skills', 'banks', 'supports', 'negotiated', 'costs', 'accident', 'work', 'leave', 'rates', 'professional', 'promotion', 'cultural', 'twice', 'degree', 'programs', 'minimum', 'banking', 'gifts', 'masters', 'promoting', 'sales', 'education', 'retail', 'communicate', 'participate', 'year', 'checkup', 'holidaystet', 'withstand', 'relevant', 'account', 'free', 'pressure', 'experience', 'recruits', 'social', 'interest', 'trips', 'benefits', 'exceptional', 'preferential', 'opportunities', 'bachelors', 'environment', 'th', 'shortterm', 'allowances', 'seniority', 'market', 'days', 'segments', 'performance', 'phone', 'employees', 'sing', 'companys', 'based', 'external', 'segment', 'development', 'business', 'specialized', 'guaranteed', 'new', 'courses', 'champion', 'financial', 'lunch', 'product', 'years', 'technology', 'knowledge', 'monthlyquarterlyyearly', 'paid', 'staff', 'working', 'dance', 'evaluation', 'company', 'loans', 'products', 'periodic', 'presentation', 'management', 'competition', 'law', 'excellent', 'industry', 'candidates', 'activities', 'teamwork', 'festival', 'competencies', 'holidays', 'understanding', 'badminton', 'aon', 'competitive', 'dynamic', 'expertise', 'field', 'adjustment', 'given', 'inspire', 'yearend', 'family', 'digital', 'sports', 'priority', 'receive', 'chess', 'attractive', 'communication', 'services', 'unemployment', 'regulations', 'situation', 'vpbank', 'toxic', 'internal', 'incentives', 'annual', 'according', 'football', 'month', 'income', 'ability', 'knowledgeexpertise', 'developing', 'incentive', 'english', 'customer', 'gas', 'volunteer'}",16224,Cạnh tranh
Hà Nội,6.5,Manager,"['banking', 'quality', 'control', 'qaqc', 'finance', 'investment']",Official,"['insurance', 'travel', 'allowance', 'bonus', 'health', 'care', 'training', 'salary', 'increase', 'annual', 'leave']","{'saturday', 'skills', 'banks', 'international', 'economics', 'learn', 'control', 'treasury', 'study', 'domestic', 'including', 'assessment', 'good', 'framework', 'working', 'cultural', 'degree', 'office', 'operations', 'loans', 'friendly', 'enjoy', 'friday', 'credit', 'banking', 'presentation', 'management', 'position', 'law', 'education', 'proficiency', 'participate', 'activities', 'teamwork', 'proficient', 'sector', 'quality', 'compulsory', 'holidays', 'competitions', 'audit', 'monday', 'informatics', 'least', 'dynamic', 'competitive', 'many', 'labor', 'payments', 'higher', 'experience', 'decisionmaking', 'department', 'benefits', 'preferential', 'regime', 'opportunities', 'environment', 'sports', 'accounting', 'risk', 'university', 'attractive', 'communication', 'teambuilding', 'vpbank', 'finance', 'morning', 'policy', 'employees', 'card', 'internal', 'talent', 'depending', 'headdepartment', 'based', 'level', 'hours', 'develop', 'operational', 'according', 'transaction', 'job', 'head', 'tet', 'supporting', 'capital', 'income', 'bonuses', 'ability', 'courses', 'knowledgeexpertise', 'related', 'financial', 'time', 'interesting', 'english', 'years'}",16224,Cạnh tranh
Hồ Chí Minh,3.0,Employee,['marketing'],Official,"['laptop', 'insurance', 'travel', 'bonus', 'health', 'care', 'training', 'salary', 'increase', 'annual', 'leave']","{'skills', 'skill', 'leaves', 'work', 'suited', 'expanding', 'degree', 'operations', 'office', 'exchange', 'willing', 'mapping', 'continuously', 'hence', 'daily', 'supply', 'highly', 'create', 'motivated', 'improvement', 'proficiency', 'embrace', 'participate', 'better', 'year', 'coached', 'led', 'healthcare', 'leaders', 'process', 'share', 'many', 'labor', 'experience', 'trips', 'value', 'best', 'opportunities', 'bachelors', 'wellbeing', 'birthday', 'environment', 'decisions', 'th', 'hardworking', 'members', 'multimarket', 'challenge', 'check', 'vietnam', 'allowances', 'high', 'operating', 'multicategory', 'enlarge', 'information', 'automation', 'aspects', 'days', 'performance', 'initiatives', 'keeping', 'alongside', 'stay', 'always', 'hyper', 'challenges', 'feedback', 'surplus', 'chain', 'monthly', 'business', 'perks', 'various', 'new', 'courses', 'enabler', 'related', 'financial', 'events', 'time', 'include', 'team', 'multichannel', 'world', 'usfor', 'promote', 'largest', 'years', 'us', 'international', 'open', 'join', 'technology', 'learn', 'end', 'knowledge', 'passion', 'collaborative', 'sharing', 'transform', 'headquarters', 'dedication', 'ii', 'working', 'people', 'company', 'friendly', 'profile', 'bonding', 'grow', 'path', 'eagerness', 'great', 'customers', 'customized', 'management', 'project', 'growth', 'initiative', 'law', 'excellent', 'per', 'industry', 'activities', 'ambition', 'extra', 'boss', 'contribute', 'young', 'coffee', 'understanding', 'transparent', 'culture', 'inspirational', 'iii', 'provide', 'make', 'supportive', 'provided', 'across', 'dynamic', 'competitive', 'impact', 'field', 'pti', 'experiences', 'package', 'take', 'rotate', 'speak', 'want', 'receive', 'collaboration', 'career', 'communication', 'fun', 'teambuilding', 'experienced', 'strong', 'environments', 'voice', 'variety', 'learning', 'tools', 'humble', 'according', 'perform', 'review', 'healthy', 'flexibility', 'ecommerce', 'month', 'heard', 'snacks', 'analytical', 'ability', 'implementation', 'food', 'love', 'joining', 'corporations', 'functions'}",14094,Cạnh tranh
Hồ Chí Minh,4.0,Employee,"['marketing', 'online']",Official,"['laptop', 'insurance', 'travel', 'allowance', 'bonus', 'health', 'care', 'training', 'salary', 'increase', 'annual', 'leave']","{'required', 'growing', 'skills', 'skill', 'mindset', 'leaves', 'selfstudy', 'work', 'suited', 'vietnamese', 'expanding', 'degree', 'office', 'thinking', 'exchange', 'amazonwalmarttikishopee', 'willing', 'continuously', 'hence', 'adaptable', 'daily', 'highly', 'supply', 'create', 'motivated', 'much', 'embrace', 'explore', 'problemsolving', 'participate', 'logical', 'fantastic', 'facebook', 'better', 'existing', 'third', 'year', 'coached', 'led', 'eager', 'essential', 'healthcare', 'leaders', 'andor', 'share', 'many', 'labor', 'pressure', 'experience', 'learner', 'social', 'media', 'european', 'similar', 'trips', 'value', 'appreciated', 'adaptation', 'best', 'opportunities', 'bachelors', 'software', 'analyzing', 'environment', 'wellbeing', 'gg', 'th', 'birthday', 'hardworking', 'multimarket', 'challenge', 'check', 'vietnam', 'allowances', 'members', 'data', 'operating', 'multicategory', 'enlarge', 'high', 'aspects', 'administration', 'days', 'performance', 'keeping', 'alongside', 'stay', 'always', 'hyper', 'challenges', 'datadriven', 'feedback', 'chain', 'language', 'monthly', 'business', 'perks', 'various', 'decisions', 'new', 'courses', 'role', 'enabler', 'preferred', 'related', 'financial', 'events', 'time', 'include', 'team', 'multichannel', 'world', 'promote', 'ms', 'proficient', 'years', 'suite', 'us', 'largest', 'international', 'open', 'join', 'learn', 'knowledge', 'passion', 'collaborative', 'sharing', 'capable', 'good', 'established', 'headquarters', 'dedication', 'attitude', 'ii', 'working', 'adapter', 'goodsfmcgfurniture', 'people', 'cando', 'company', 'monfri', 'microsoft', 'friendly', 'profile', 'bonding', 'grow', 'path', 'eagerness', 'great', 'customized', 'project', 'management', 'committed', 'growth', 'initiative', 'law', 'excellent', 'per', 'industry', 'activities', 'knowledgeable', 'landscape', 'ambition', 'extra', 'boss', 'analytic', 'inhouse', 'contribute', 'young', 'coffee', 'understanding', 'transparent', 'culture', 'inspirational', 'iii', 'provide', 'make', 'supportive', 'provided', 'across', 'dynamic', 'competitive', 'field', 'enthusiastic', 'tiktok', 'fast', 'department', 'pti', 'experiences', 'things', 'package', 'instagram', 'take', 'rotate', 'speak', 'digital', 'webseo', 'receive', 'collaboration', 'career', 'communication', 'fun', 'teambuilding', 'agency', 'strong', 'environments', 'quick', 'experienced', 'sensitive', 'voice', 'variety', 'learning', 'sporting', 'let', 'tools', 'humble', 'reports', 'according', 'perform', 'marketing', 'fluent', 'review', 'healthy', 'ecommerce', 'flexibility', 'month', 'heard', 'snacks', 'ability', 'seo', 'food', 'love', 'joining', 'responsible', 'english', 'corporations', 'functions'}",0,Cạnh tranh
Hồ Chí Minh,1.5,Employee,['marketing'],Official,"['laptop', 'insurance', 'travel', 'bonus', 'health', 'care', 'training', 'salary', 'increase', 'annual', 'leave']","{'skills', 'skill', 'amazons', 'leaves', 'work', 'negotiation', 'suited', 'expanding', 'degree', 'office', 'exchange', 'willing', 'continuously', 'hence', 'daily', 'supply', 'highly', 'create', 'motivated', 'proficiency', 'embrace', 'problemsolving', 'participate', 'better', 'year', 'coached', 'led', 'analysis', 'healthcare', 'focus', 'leaders', 'share', 'many', 'labor', 'experience', 'trips', 'value', 'best', 'opportunities', 'bachelors', 'wellbeing', 'birthday', 'environment', 'decisions', 'th', 'hardworking', 'members', 'multimarket', 'challenge', 'check', 'vietnam', 'allowances', 'high', 'data', 'operating', 'multicategory', 'enlarge', 'aspects', 'days', 'performance', 'initiatives', 'keeping', 'alongside', 'stay', 'amazon', 'always', 'hyper', 'challenges', 'feedback', 'surplus', 'chain', 'monthly', 'business', 'perks', 'various', 'new', 'courses', 'enabler', 'preferred', 'related', 'financial', 'events', 'interpersonal', 'time', 'include', 'team', 'multichannel', 'world', 'usfor', 'promote', 'largest', 'years', 'us', 'international', 'open', 'join', 'learn', 'end', 'knowledge', 'plus', 'passion', 'collaborative', 'sharing', 'transform', 'headquarters', 'dedication', 'ii', 'working', 'people', 'company', 'friendly', 'profile', 'bonding', 'grow', 'path', 'eagerness', 'great', 'customers', 'customized', 'management', 'growth', 'initiative', 'law', 'excellent', 'per', 'industry', 'activities', 'ambition', 'extra', 'boss', 'contribute', 'young', 'coffee', 'understanding', 'transparent', 'culture', 'inspirational', 'iii', 'provide', 'make', 'supportive', 'provided', 'across', 'dynamic', 'competitive', 'impact', 'field', 'pti', 'experiences', 'package', 'take', 'rotate', 'speak', 'want', 'receive', 'collaboration', 'career', 'communication', 'fun', 'teambuilding', 'experienced', 'strong', 'finance', 'environments', 'voice', 'variety', 'learning', 'familiarity', 'systems', 'tools', 'humble', 'according', 'perform', 'review', 'healthy', 'ecommerce', 'flexibility', 'month', 'heard', 'snacks', 'ability', 'food', 'love', 'joining', 'corporations', 'functions'}",0,Cạnh tranh
Đồng Nai,4.5,Employee,"['sales', 'business', 'chemistry']",Official,"['laptop', 'insurance', 'travel', 'allowance', 'shuttle', 'bus', 'bonus', 'health', 'care', 'training', 'salary', 'increase', 'annual', 'leave']","{'field', 'skills', 'communicator', 'experience', 'capacity', 'innovative', 'networking', 'good', 'verbal', 'environment', 'requirements', 'working', 'written', 'needs', 'results', 'challenged', 'university', 'lead', 'graduates', 'least', 'chinese', 'focused', 'able', 'presentation', 'sales', 'aware', 'keep', 'levels', 'motivated', 'excellent', 'reports', 'industry', 'yearsexperience', 'preffered', 'fluent', 'develop', 'identify', 'selfmotivated', 'internally', 'relationships', 'ability', 'orientated', 'multicultural', 'nondirect', 'related', 'interpersonal', 'clients', 'strategies', 'english', 'account', 'customer', 'commercially', 'influence', 'years'}",0,Cạnh tranh
Hồ Chí Minh,2.0,Employee,"['consulting', 'software']",Official,"['laptop', 'insurance', 'travel', 'health', 'care', 'training', 'salary', 'increase', 'business', 'permit', 'annual', 'leave', 'sports', 'club']","{'saturday', 'skills', 'integration', 'international', 'orientation', 'modules', 'economics', 'request', 'ward', 'knowledge', 'ietls', 'domestic', 'part', 'building', 'projects', 'district', 'thu', 'work', 'requirements', 'majoring', 'working', 'medical', 'company', 'microsoft', 'friendly', 'seminars', 'le', 'tan', 'urban', 'friday', 'graduated', 'management', 'phuc', 'position', 'industry', 'thanh', 'program', 'hiep', 'participate', 'attachment', 'offer', 'binh', 'qualifications', 'big', 'area', 'young', 'full', 'global', 'comprehensive', 'participating', 'monday', 'erp', 'duc', 'hcm', 'least', 'dynamic', 'policies', 'phuoc', 'pressure', 'city', 'experience', 'specific', 'fast', 'toeic', 'department', 'similar', 'benefits', 'organizing', 'innovation', 'environment', 'accounting', 'coaching', 'high', 'hcmc', 'vietnam', 'opportunity', 'khuong', 'university', 'fully', 'communication', 'street', 'artemis', 'regulations', 'situation', 'techniques', 'finance', 'information', 'xuan', 'bb', 'administration', 'able', 'logistics', 'shana', 'longterm', 'improve', 'systems', 'st', 'according', 'sap', 'equivalent', 'mai', 'job', 'development', 'head', 'hanoi', 'van', 'cycle', 'pm', 'address', 'floor', 'citek', 'involved', 'oracle', 'developing', 'time', 'include', 'examination', 'trong', 'english', 'probation', 'years'}",0,Cạnh tranh
Hồ Chí Minh,8.0,Chief,"['retail', 'wholesale', 'customer', 'service', 'banking']",Official,"['insurance', 'travel', 'allowance', 'uniform', 'bonus', 'health', 'care', 'training', 'salary', 'increase', 'business', 'trip', 'annual', 'leave']","{'pressure', 'experience', 'direct', 'economics', 'department', 'using', 'decisionmaking', 'construction', 'given', 'including', 'work', 'good', 'software', 'point', 'priority', 'outlook', 'high', 'word', 'degree', 'office', 'microsoft', 'power', 'university', 'manager', 'communication', 'thinking', 'excel', 'minimum', 'email', 'finance', 'administration', 'banking', 'highly', 'position', 'law', 'tools', 'disciplined', 'level', 'candidates', 'proficiency', 'equivalent', 'sector', 'technical', 'systematic', 'valuation', 'ability', 'intensity', 'withstand', 'related', 'english', 'least', 'years'}",17779,Cạnh tranh
Hà Nội,2.0,Employee,"['electricity', 'electronics', 'refrigeration', 'construction']",Official,"['insurance', 'travel', 'allowance', 'bonus', 'health', 'care', 'training', 'salary', 'increase', 'business', 'trip', 'annual', 'leave', 'sports', 'club']","{'skills', 'pressure', 'experience', 'water', 'technology', 'given', 'engineering', 'work', 'science', 'honest', 'software', 'working', 'priority', 'cost', 'high', 'office', 'autocad', 'university', 'estimating', 'mep', 'general', 'able', 'graduated', 'project', 'supply', 'geology', 'decisive', 'majors', 'drainage', 'education', 'proficient', 'mining', 'location', 'companies', 'contractors', 'computer', 'electricity', 'refrigeration', 'collegeuniversity', 'withstand', 'responsible', 'least', 'ms', 'years'}",0,Cạnh tranh
Hà Nội,2.0,Employee,"['electricity', 'electronics', 'refrigeration', 'quality', 'control', 'qaqc', 'construction']",Official,"['insurance', 'travel', 'allowance', 'bonus', 'health', 'care', 'training', 'salary', 'increase', 'business', 'trip', 'annual', 'leave', 'sports', 'club']","{'workrelated', 'using', 'learn', 'economics', 'water', 'electrical', 'construction', 'engineering', 'progress', 'work', 'well', 'software', 'staff', 'plans', 'degree', 'office', 'autocad', 'grasp', 'university', 'progressive', 'company', 'lead', 'willing', 'reporting', 'project', 'management', 'supply', 'longterm', 'drainage', 'train', 'assign', 'new', 'ability', 'implementation', 'eager', 'team', 'manage', 'proficient'}",0,Cạnh tranh
Hà Nội,2.0,Leader,['software'],Official,"['insurance', 'travel', 'allowance', 'overseas', 'uniform', 'bonus', 'health', 'care', 'training', 'salary', 'increase', 'business', 'trip', 'seniority', 'annual', 'leave', 'sports', 'club']","{'required', 'skills', 'higher', 'experience', 'using', 'waterfall', 'knowledge', 'agile', 'projects', 'solutions', 'best', 'good', 'software', 'framework', 'fields', 'n', 'priority', 'managing', 'people', 'outsourcing', 'degree', 'web', 'university', 'abroad', 'willing', 'conversation', 'finance', 'practices', 'market', 'certificate', 'japanese', 'management', 'project', 'itsoftware', 'according', 'perform', 'java', 'equivalent', 'spring', 'size', 'implementing', 'models', 'different', 'ability', 'etc', 'estimation', 'pmpacp', 'erp', 'developing', 'team', 'crm', 'least', 'years'}",598,Cạnh tranh
Hồ Chí Minh,1.0,Employee,"['sales', 'business', 'biotechnology', 'medical', 'healthcare']",Official,"['insurance', 'travel', 'allowance', 'uniform', 'bonus', 'health', 'care', 'training', 'salary', 'increase', 'business', 'trip', 'seniority', 'annual', 'leave']","{'field', 'skills', 'experience', 'economics', 'trips', 'given', 'commerce', 'biochemistry', 'engineering', 'negotiation', 'good', 'majoring', 'priority', 'medical', 'equipment', 'university', 'pharmacy', 'bb', 'administration', 'go', 'graduated', 'presentation', 'sales', 'medicine', 'majors', 'ready', 'candidates', 'model', 'biotechnology', 'college', 'pharmaceuticals', 'biomedical'}",4352,Cạnh tranh
Hồ Chí Minh,3.5,Employee,"['marketing', 'sales', 'pharmaceutical']",Official,"['insurance', 'travel', 'bonus', 'health', 'care', 'training', 'salary', 'increase', 'annual', 'leave']","{'experience', 'economics', 'especially', 'work', 'honest', 'goods', 'fields', 'working', 'hardworking', 'company', 'career', 'intermediate', 'university', 'pharmacy', 'quick', 'functional', 'administration', 'able', 'graduated', 'commitment', 'independently', 'longterm', 'industry', 'marketing', 'development', 'business', 'college', 'food', 'team', 'goals', 'consumer', 'years'}",4625,Cạnh tranh
Hà Nội,1.0,Employee,"['marketing', 'online', 'advertising', 'public', 'relations', 'communications']",Official,"['laptop', 'insurance', 'travel', 'allowance', 'bonus', 'training', 'salary', 'increase', 'business', 'trip', 'seniority', 'annual', 'leave']","{'year', 'priority', 'worked', 'position', 'brands', 'experience', 'industry', 'candidates', 'similar', 'retail', 'given', 'least', 'companies', 'fashion'}",0,Cạnh tranh
Bình Định,1.0,Employee,"['pharmaceuticals', 'biotechnology', 'quality', 'control', 'qaqc']",Official,"['insurance', 'travel', 'allowance', 'bonus', 'health', 'care', 'training', 'salary', 'increase', 'annual', 'leave']","{'drug', 'mechanisms', 'higher', 'office', 'college', 'understanding', 'level', 'software', 'communicate', 'principles', 'quality', 'basic', 'english', 'able', 'pharmacychemistrybiology', 'graduated', 'management', 'proficient'}",138,Cạnh tranh
Hà Nội,0.0,Employee,"['medical', 'healthcare']",Official,"['laptop', 'insurance', 'travel', 'allowance', 'uniform', 'bonus', 'health', 'care', 'training', 'salary', 'increase', 'business', 'trip', 'seniority', 'annual', 'leave']","{'skills', 'higher', 'learn', 'toeic', 'knowledge', 'engineering', 'fields', 'reading', 'medical', 'malefemale', 'equipment', 'university', 'communication', 'pharmacy', 'nursing', 'english', 'testing', 'graduated', 'presentation', 'medicine', 'explore', 'research', 'writing', 'speaking', 'diagnostic', 'love', 'biomedical', 'listening', 'imaging', 'proficient'}",4352,Cạnh tranh
Hồ Chí Minh,4.0,Leader,"['banking', 'finance', 'investment']",Official,"['insurance', 'travel', 'allowance', 'bonus', 'health', 'care', 'training', 'salary', 'increase', 'business', 'permit', 'annual', 'leave']","{'skills', 'banks', 'using', 'persuasion', 'negotiation', 'framework', 'fields', 'cultural', 'indepth', 'degree', 'thinking', 'exchange', 'enjoy', 'friday', 'banking', 'sales', 'education', 'communicate', 'crossselling', 'participate', 'sector', 'compulsory', 'year', 'af', 'analysis', 'withstand', 'monday', 'relevant', 'least', 'many', 'labor', 'pressure', 'experience', 'groups', 'benefits', 'preferential', 'opportunities', 'portfolio', 'software', 'environment', 'high', 'university', 'advantage', 'information', 'market', 'markets', 'summer', 'employees', 'talent', 'depending', 'based', 'level', 'hours', 'investment', 'real', 'segment', 'securities', 'develop', 'speaking', 'responsibility', 'new', 'bonuses', 'finances', 'courses', 'financial', 'related', 'time', 'years', 'proficient', 'saturday', 'worked', 'learn', 'knowledge', 'study', 'enthusiasm', 'solutions', 'working', 'loans', 'friendly', 'products', 'estate', 'planning', 'discipline', 'japanese', 'customers', 'management', 'position', 'law', 'plan', 'activities', 'foreign', 'competitions', 'holiday', 'understanding', 'positive', 'sense', 'competitive', 'dynamic', 'vip', 'higher', 'characteristics', 'completing', 'regime', 'sports', 'priority', 'action', 'economicsfinancebankinginsuranceinvestment', 'attractive', 'communication', 'services', 'regulations', 'public', 'vpbank', 'finance', 'morning', 'teambuilding', 'policy', 'economy', 'extensive', 'according', 'job', 'wealth', 'legal', 'analytical', 'income', 'ability', 'knowledgeexpertise', 'interesting', 'compliance', 'english', 'customer', 'consulting'}",16224,Cạnh tranh
Hồ Chí Minh,5.0,Employee,"['banking', 'marketing', 'online']",Official,"['laptop', 'insurance', 'travel', 'uniform', 'bonus', 'health', 'care', 'training', 'salary', 'increase', 'annual', 'leave']","{'skills', 'cover', 'join', 'technology', 'knowledge', 'letter', 'plus', 'passion', 'work', 'ccpa', 'proven', 'professional', 'platforms', 'shaping', 'salesforce', 'degree', 'offers', 'reporting', 'practices', 'certifications', 'encouraging', 'masters', 'techcombank', 'management', 'growth', 'effectively', 'excellent', 'proficiency', 'encourage', 'problemsolving', 'industry', 'concepts', 'apply', 'teams', 'success', 'candidate', 'tealium', 'contribute', 'comprehensive', 'etc', 'please', 'interpretation', 'cdp', 'relevant', 'provide', 'adobe', 'dynamic', 'competitive', 'field', 'intelligence', 'outlining', 'experience', 'benefits', 'crossfunctional', 'package', 'personal', 'best', 'innovation', 'opportunities', 'bachelors', 'analytics', 'digital', 'environment', 'resume', 'want', 'managing', 'audience', 'collaboration', 'data', 'operating', 'martech', 'communication', 'services', 'regulations', 'strong', 'inclusive', 'twilio', 'automation', 'future', 'abilities', 'eg', 'individual', 'tools', 'familiarity', 'compensation', 'datadriven', 'marketing', 'ideal', 'development', 'gdpr', 'visualization', 'business', 'analytical', 'ability', 'role', 'preferred', 'sas', 'related', 'financial', 'privacy', 'team', 'submit', 'compliance', 'customer', 'us'}",10517,Cạnh tranh
Thanh Hóa,1.0,Employee,"['accounting', 'auditing', 'oil', 'gas', 'quality', 'control', 'qaqc']",Official,"['insurance', 'allowance', 'bonus', 'training', 'business', 'trip', 'annual', 'leave']","{'quickly', 'labor', 'pressure', 'open', 'experience', 'enthusiastic', 'social', 'control', 'negotiated', 'careful', 'work', 'travel', 'honest', 'state', 'environment', 'professional', 'results', 'working', 'requirements', 'high', 'friendly', 'analyze', 'regulations', 'information', 'specialist', 'voice', 'limited', 'businesses', 'active', 'vacation', 'adapt', 'internal', 'decisive', 'interview', 'according', 'contract', 'holidays', 'ability', 'clear', 'convincing', 'salary', 'withstand', 'evaluate', 'dynamic'}",85,Cạnh tranh
Bình Dương,2.0,Leader,"['household', 'goods', 'personal', 'care', 'manufacturing', 'production', 'operations']",Official,"['laptop', 'insurance', 'travel', 'allowance', 'shuttle', 'bus', 'uniform', 'bonus', 'health', 'care', 'training', 'salary', 'increase', 'business', 'trip', 'annual', 'leave']","{'field', 'skills', 'problem', 'enthusiastic', 'experience', 'must', 'pressure', 'yearolds', 'solving', 'organization', 'complex', 'methodical', 'industrial', 'projects', 'proactive', 'capable', 'identifying', 'aps', 'transformation', 'working', 'kaizen', 'degree', 'communication', 'creative', 'works', 'strong', 'changes', 'planning', 'gemba', 'management', 'leadership', 'daily', 'visual', 'highly', 'standard', 'lean', 'digitalization', 'embrace', 'performs', 'problems', 'detailed', 'years', 'meeting', 'organizational', 'system', 'systematic', 'analytical', 'tpm', 'transparent', 'positive', 'preferred', 'related', 'least', 'thorough', 'energetic'}",0,Cạnh tranh
Hà Nội,3.0,Employee,"['fine', 'arts', 'art', 'design']",Official,"['laptop', 'insurance', 'travel', 'overseas', 'health', 'care', 'training', 'salary', 'increase', 'business', 'trip', 'allowance', 'annual', 'leave']","{'saturday', 'skills', 'international', 'using', 'learn', 'comprehension', 'saturdays', 'knowledge', 'architecture', 'careful', 'including', 'proactive', 'work', 'good', 'perspective', 'requirements', 'hand', 'professional', 'inspiration', 'state', 'working', 'drawing', 'photoshop', 'remaining', 'progressive', 'seek', 'knowledgemastery', 'guide', 'graduated', 'leadership', 'constantly', 'interview', 'blender', 'education', 'excellent', 'proficiency', 'teamcooperative', 'apply', 'artists', 'modern', 'processunderstanding', 'studio', 'arts', 'spirit', 'foreign', 'holidays', 'third', 'meet', 'carefulproactive', 'clip', 'skillsexcellent', 'paint', 'understanding', 'monday', 'first', 'mastery', 'culture', 'anatomy', 'attitudealways', 'dynamic', 'process', 'negotiable', 'expertise', 'experience', 'production', 'similar', 'benefits', 'best', 'software', 'environment', 'artistscommunication', 'members', 'accurate', 'layoutproficiency', 'reading', 'opportunity', 'communication', 'regulations', 'creative', 'advantage', 'sundays', 'cooperative', 'market', 'softwareleadership', 'markets', 'layout', 'animation', 'design', 'ready', 'major', 'always', 'tools', 'deep', 'develop', 'according', 'color', 'review', 'job', 'fine', 'light', 'month', 'support', 'ideas', 'language', 'ideasaccurate', 'art', 'new', 'ability', 'modeling', 'partners', 'related', 'team', 'time', 'commensurate', 'english', 'customer', 'years'}",351,Cạnh tranh
Hà Nội,0.0,Employee,"['customer', 'service', 'banking']",Official,"['insurance', 'travel', 'allowance', 'uniform', 'bonus', 'health', 'care', 'training', 'salary', 'increase']","{'saturday', 'skills', 'banks', 'economics', 'innovative', 'learn', 'effective', 'study', 'careful', 'work', 'leave', 'framework', 'working', 'cultural', 'degree', 'office', 'thinking', 'loans', 'friendly', 'enjoy', 'products', 'friday', 'banking', 'management', 'highly', 'position', 'law', 'education', 'industry', 'candidates', 'participate', 'activities', 'teamwork', 'compulsory', 'competencies', 'holidays', 'competitions', 'commercial', 'college', 'understanding', 'eager', 'withstand', 'monday', 'dynamic', 'competitive', 'many', 'labor', 'pressure', 'higher', 'experience', 'benefits', 'given', 'preferential', 'regime', 'opportunities', 'honest', 'environment', 'sports', 'priority', 'attractive', 'communication', 'services', 'teambuilding', 'creative', 'vpbank', 'finance', 'morning', 'policy', 'employees', 'talent', 'depending', 'based', 'level', 'hours', 'develop', 'according', 'job', 'tet', 'income', 'bonuses', 'ability', 'courses', 'knowledgeexpertise', 'related', 'responsible', 'time', 'interesting'}",16224,Cạnh tranh
Hà Nội,4.0,Manager,"['architecture', 'construction']",Official,['specified'],"{'saturday', 'field', 'week', 'higher', 'experience', 'economics', 'bonus', 'social', 'pham', 'construction', 'benefits', 'given', 'package', 'environment', 'professional', 'th', 'priority', 'working', 'bach', 'degree', 'welfare', 'opportunity', 'university', 'attractive', 'cau', 'unemployment', 'regulations', 'giay', 'friday', 'allowance', 'days', 'phone', 'project', 'management', 'companys', 'law', 'offyear', 'health', 'hours', 'vndyear', 'develop', 'according', 'participate', 'supervision', 'tet', 'month', 'location', 'hanoi', 'van', 'holidays', 'income', 'full', 'salary', 'monday', 'insurance', 'first', 'lunch', 'certificates', 'consulting', 'least', 'dynamic', 'years'}",14611,Cạnh tranh
Hồ Chí Minh,1.0,Employee,"['education', 'training', 'administration', 'secretarial', 'human', 'resources']",Official,['specified'],"{'cu', 'skills', 'shuttle', 'experience', 'learn', 'plus', 'facilitation', 'especially', 'bachelors', 'minh', 'working', 'reading', 'outlook', 'hcmc', 'degree', 'office', 'microsoft', 'communication', 'tan', 'environments', 'advantage', 'bus', 'dong', 'administration', 'hr', 'presentation', 'management', 'manufacturing', 'duong', 'law', 'teams', 'chi', 'writing', 'system', 'binh', 'technical', 'nai', 'location', 'ho', 'business', 'trung', 'ability', 'phu', 'etc', 'iz', 'eager', 'preferred', 'powerpoint', 'sharepoint', 'provide', 'english', 'proficient'}",18895,Cạnh tranh
Đồng Nai,5.0,Employee,"['mechanical', 'automotive', 'automation', 'electrical', 'electronics', 'refrigeration']",Official,"['laptop', 'insurance', 'travel', 'allowance', 'shuttle', 'bus', 'uniform', 'bonus', 'health', 'care', 'training', 'salary', 'increase', 'annual', 'leave']","{'prioritize', 'purchase', 'additional', 'part', 'following', 'including', 'work', 'coverage', 'chemical', 'professional', 'staff', 'working', 'employee', 'day', 'degree', 'service', 'coherent', 'regular', 'gifts', 'commitment', 'manufacturing', 'highly', 'entitled', 'participate', 'chi', 'offer', 'locations', 'quality', 'strongly', 'comprehensive', 'holiday', 'jobrelated', 'volume', 'relevant', 'provide', 'vsip', 'free', 'provided', 'specialties', 'least', 'competitive', 'many', 'labor', 'x', 'city', 'experience', 'benefits', 'family', 'engineering', 'opportunities', 'bachelors', 'wellbeing', 'environment', 'members', 'material', 'minh', 'sports', 'receive', 'high', 'vietnam', 'sciences', 'optical', 'dong', 'market', 'days', 'initiatives', 'employees', 'performance', 'option', 'oriented', 'development', 'lightmanufacturing', 'nai', 'technical', 'month', 'ho', 'monthly', 'various', 'bonuses', 'premium', 'nt', 'checkups', 'mechatronics', 'materials', 'courses', 'thmonth', 'vans', 'preferred', 'related', 'reward', 'events', 'every', 'mechanical', 'years'}",1907,Cạnh tranh
Hà Nội,0.0,Employee,"['sales', 'business', 'banking']",Official,"['insurance', 'travel', 'allowance', 'overseas', 'uniform', 'bonus', 'health', 'care', 'training', 'salary', 'increase', 'business', 'trip', 'seniority', 'annual', 'leave']","{'saturday', 'required', 'skills', 'banks', 'international', 'economics', 'technology', 'mindset', 'report', 'learn', 'solving', 'knowledge', 'study', 'economic', 'work', 'science', 'framework', 'professional', 'working', 'cultural', 'months', 'degree', 'service', 'loans', 'friendly', 'enjoy', 'friday', 'morningsmonth', 'banking', 'making', 'auditing', 'hotels', 'presentation', 'management', 'sales', 'position', 'law', 'currency', 'asset', 'candidates', 'participate', 'activities', 'sector', 'compulsory', 'trading', 'holidays', 'year', 'positions', 'competitions', 'college', 'analysis', 'monday', 'provided', 'dynamic', 'competitive', 'many', 'trade', 'problem', 'labor', 'higher', 'experience', 'benefits', 'given', 'preferential', 'regime', 'opportunities', 'environment', 'sports', 'priority', 'decision', 'accounting', 'attractive', 'communication', 'public', 'teambuilding', 'industries', 'vpbank', 'finance', 'policy', 'administration', 'employees', 'majors', 'talent', 'depending', 'compete', 'based', 'level', 'hours', 'investment', 'develop', 'according', 'securities', 'equivalent', 'marketing', 'job', 'tet', 'competence', 'income', 'valuation', 'bonuses', 'ability', 'tourism', 'courses', 'relations', 'financial', 'interesting', 'time', 'customer'}",16224,Cạnh tranh
Hà Nội,1.0,Employee,"['sales', 'business', 'customer', 'service', 'banking']",Official,"['insurance', 'travel', 'allowance', 'overseas', 'uniform', 'bonus', 'health', 'care', 'training', 'salary', 'increase', 'business', 'trip', 'seniority', 'annual', 'leave']","{'saturday', 'skills', 'banks', 'international', 'learn', 'knowledge', 'processes', 'study', 'commerce', 'noncredit', 'including', 'work', 'good', 'others', 'framework', 'tellers', 'professional', 'working', 'cultural', 'degree', 'loans', 'friendly', 'enjoy', 'products', 'friday', 'banking', 'selling', 'masters', 'customers', 'position', 'law', 'candidates', 'participate', 'activities', 'sector', 'know', 'compulsory', 'holidays', 'competitions', 'focus', 'monday', 'goals', 'dynamic', 'competitive', 'many', 'trade', 'labor', 'pressure', 'higher', 'experience', 'benefits', 'given', 'preferential', 'pursue', 'style', 'regime', 'opportunities', 'environment', 'sports', 'priority', 'high', 'university', 'attractive', 'communication', 'regulations', 'teambuilding', 'vpbank', 'advantage', 'morning', 'policy', 'able', 'summer', 'employees', 'talent', 'depending', 'khut', 'hours', 'develop', 'according', 'job', 'tet', 'khdn', 'income', 'bonuses', 'confident', 'ability', 'courses', 'interesting', 'time', 'rank'}",16224,Cạnh tranh
Toàn Quốc,3.5,Leader,"['finance', 'investment']",Official,"['insurance', 'uniform', 'bonus', 'health', 'care', 'training', 'salary', 'increase', 'annual', 'leave']","{'skills', 'appliances', 'pressure', 'experience', 'work', 'supervisor', 'good', 'recruit', 'high', 'analyze', 'communication', 'performance', 'leadership', 'sales', 'improve', 'use', 'train', 'electronics', 'teamwork', 'years', 'sector', 'computer', 'business', 'telecommunications', 'ability', 'withstand', 'role', 'financial', 'team', 'evaluate', 'manage', 'household', 'proficient'}",0,Cạnh tranh
Hồ Chí Minh,1.5,Employee,"['restaurant', 'hotel', 'travel']",Official,"['insurance', 'travel', 'bonus', 'health', 'care', 'salary', 'increase']","{'enthusiastic', 'skills', 'given', 'careful', 'work', 'honest', 'majoring', 'priority', 'office', 'hotel', 'excel', 'graduates', 'management', 'tourism', 'love', 'responsible', 'world', 'dynamic', 'proficient'}",1069,Cạnh tranh
Hồ Chí Minh,0.0,Employee,"['mechanical', 'automotive', 'automation', 'sales', 'business']",Official,"['laptop', 'insurance', 'travel', 'allowance', 'shuttle', 'bus', 'uniform', 'bonus', 'health', 'care', 'training', 'salary', 'increase', 'business', 'trip', 'seniority', 'annual', 'leave']","{'skills', 'ql', 'park', 'male', 'maternity', 'industrial', 'district', 'work', 'negotiation', 'requirements', 'office', 'purposes', 'tan', 'gifts', 'commune', 'thanh', 'participate', 'necessary', 'chi', 'party', 'money', 'year', 'meet', 'phu', 'march', 'monday', 'hcm', 'member', 'lot', 'city', 'experience', 'social', 'similar', 'benefits', 'efficiency', 'accommodation', 'software', 'encouraged', 'birthday', 'th', 'breakfast', 'equipment', 'bring', 'fully', 'returns', 'advantage', 'mind', 'diligence', 'companionship', 'june', 'employees', 'improve', 'external', 'develop', 'hours', 'gender', 'development', 'language', 'ho', 'new', 'serving', 'courses', 'lunch', 'team', 'events', 'old', 'lunar', 'proficient', 'years', 'saturday', 'departs', 'end', 'knowledge', 'saturdays', 'building', 'good', 'working', 'employee', 'company', 'guidance', 'october', 'automobile', 'merchandising', 'management', 'per', 'industry', 'expenses', 'festival', 'quality', 'colleagues', 'parking', 'contribute', 'midautumn', 'foreign', 'holidays', 'relationship', 'positions', 'provided', 'negotiable', 'cu', 'adjustment', 'receiving', 'children', 'minh', 'supported', 'communication', 'quick', 'dong', 'learning', 'internal', 'b', 'ready', 'review', 'job', 'month', 'support', 'bao', 'ideas', 'supporting', 'location', 'funeral', 'address', 'mechanical', 'road'}",2611,Cạnh tranh
Hồ Chí Minh,0.0,Employee,"['sales', 'business', 'mechanical', 'automotive', 'automation', 'marketing']",Official,"['laptop', 'insurance', 'travel', 'allowance', 'shuttle', 'bus', 'uniform', 'bonus', 'health', 'care', 'training', 'salary', 'increase', 'business', 'trip', 'seniority', 'annual', 'leave']","{'skills', 'ward', 'maternity', 'industrial', 'district', 'work', 'negotiation', 'mechanical', 'requirements', 'degree', 'purposes', 'tan', 'gifts', 'commune', 'thanh', 'problemsolving', 'participate', 'corporate', 'necessary', 'chi', 'party', 'year', 'meet', 'phu', 'college', 'etc', 'march', 'monday', 'clients', 'hcm', 'piety', 'member', 'lot', 'pressure', 'city', 'experience', 'social', 'benefits', 'efficiency', 'filial', 'accommodation', 'honest', 'encouraged', 'birthday', 'th', 'highway', 'high', 'breakfast', 'equipment', 'resistant', 'zone', 'returns', 'june', 'employees', 'external', 'develop', 'hours', 'development', 'responsibility', 'ho', 'pm', 'new', 'courses', 'preferred', 'lunch', 'team', 'events', 'old', 'lunar', 'years', 'saturday', 'departs', 'economics', 'end', 'saturdays', 'passion', 'building', 'attendance', 'oneself', 'good', 'working', 'written', 'employee', 'company', 'guidance', 'october', 'automobile', 'grow', 'per', 'expenses', 'festival', 'quality', 'colleagues', 'parking', 'contribute', 'midautumn', 'holiday', 'provided', 'dynamic', 'sense', 'negotiable', 'cu', 'field', 'expression', 'adjustment', 'higher', 'managers', 'package', 'children', 'engineering', 'verbal', 'minh', 'supported', 'communication', 'street', 'improvements', 'dong', 'learning', 'internal', 'b', 'st', 'fluent', 'desire', 'review', 'job', 'month', 'support', 'ideas', 'location', 'address', 'thmonth', 'transportation', 'every', 'english', 'consulting'}",2611,Cạnh tranh
Hồ Chí Minh,1.5,Employee,"['food', 'beverage', 'accounting', 'auditing', 'finance', 'investment']",Official,"['laptop', 'insurance', 'allowance', 'health', 'care', 'training', 'salary', 'increase', 'business', 'permit', 'annual', 'leave']","{'used', 'pressure', 'experience', 'similar', 'careful', 'bachelors', 'software', 'accounting', 'degree', 'finance', 'taxes', 'auditing', 'able', 'meticulous', 'position', 'knowledgeable', 'problems', 'solve', 'year', 'handle', 'least'}",12569,Cạnh tranh
Hồ Chí Minh,2.0,Employee,"['food', 'beverage', 'purchasing', 'supplies', 'printing', 'publishing']",Official,"['insurance', 'travel', 'allowance', 'uniform', 'bonus', 'health', 'care', 'training', 'salary', 'increase', 'business', 'trip', 'annual', 'leave', 'sports', 'club']","{'long', 'skills', 'preferably', 'technology', 'control', 'solving', 'knowledge', 'processes', 'projects', 'careful', 'proactive', 'chemical', 'negotiation', 'work', 'graduate', 'inspect', 'requirements', 'suppliers', 'fields', 'majoring', 'working', 'professional', 'supervise', 'willing', 'checking', 'testing', 'effectively', 'education', 'industry', 'standards', 'qualities', 'quality', 'types', 'trends', 'etc', 'understanding', 'province', 'departments', 'researching', 'least', 'recycling', 'problem', 'pressure', 'experience', 'production', 'special', 'personal', 'engineering', 'protection', 'packaging', 'university', 'communication', 'periods', 'able', 'environmental', 'meticulous', 'development', 'new', 'ability', 'food', 'materials', 'developing', 'related', 'team', 'mechanical', 'manage', 'years'}",3400,Cạnh tranh
Hồ Chí Minh,5.0,Manager,"['customer', 'service', 'food', 'beverage', 'restaurant', 'hotel']",Official,"['laptop', 'insurance', 'allowance', 'uniform', 'bonus', 'health', 'care', 'training', 'salary', 'increase', 'business', 'trip', 'seniority', 'annual', 'leave']","{'skills', 'pressure', 'problem', 'experience', 'hospitality', 'effective', 'solving', 'tasks', 'given', 'passion', 'work', 'requirements', 'priority', 'managing', 'brands', 'high', 'vietnam', 'company', 'service', 'communication', 'creative', 'strong', 'hotels', 'management', 'sustainable', 'multiple', 'excellent', 'industry', 'candidates', 'desire', 'beverage', 'development', 'innovate', 'contribute', 'unique', 'manage', 'enhance', 'spirit', 'ability', 'food', 'highend', 'culture', 'time', 'culinary', 'promote', 'customer', 'least', 'years'}",5272,Cạnh tranh
Nam Định,2.5,Manager,"['insurance', 'banking']",Official,"['laptop', 'insurance', 'travel', 'allowance', 'overseas', 'uniform', 'bonus', 'health', 'care', 'training', 'salary', 'increase', 'business', 'trip', 'annual', 'leave']","{'pressure', 'higher', 'experience', 'given', 'agile', 'take', 'work', 'life', 'working', 'priority', 'degree', 'company', 'assignment', 'banking', 'able', 'major', 'candidates', 'according', 'teamwork', 'sector', 'location', 'support', 'responsibility', 'ability', 'college', 'withstand', 'ambitious', 'manage', 'years'}",0,Cạnh tranh
Cà Mau,5.0,Employee,"['electricity', 'electronics', 'refrigeration', 'architecture', 'construction']",Official,"['travel', 'allowance', 'uniform', 'bonus', 'health', 'care', 'training', 'business', 'permit', 'annual', 'leave']","{'skills', 'skill', 'using', 'technology', 'work', 'including', 'enthusiasm', 'science', 'professional', 'working', 'months', 'office', 'pccc', 'functional', 'graduated', 'increase', 'unit', 'acceptance', 'expenses', 'xpxd', 'monthkpihealth', 'modern', 'age', 'young', 'implementing', 'proficiently', 'surveying', 'analysis', 'attention', 'dynamic', 'least', 'kl', 'detail', 'sense', 'universities', 'experience', 'benefits', 'quantitative', 'insuranceaon', 'software', 'environment', 'th', 'high', 'procedures', 'form', 'university', 'cad', 'separating', 'proactiveness', 'establishing', 'auto', 'agencies', 'honesty', 'supervision', 'technical', 'responsibility', 'specialized', 'relationships', 'income', 'trip', 'confidence', 'price', 'salary', 'related', 'team', 'compliance', 'years'}",1309,Cạnh tranh
Hà Nội,1.0,Employee,"['sales', 'business', 'customer', 'service', 'banking']",Official,"['insurance', 'bonus', 'health', 'care', 'training', 'salary', 'increase']","{'trust', 'required', 'skills', 'demeanor', 'building', 'following', 'work', 'capable', 'good', 'negotiation', 'graduate', 'professional', 'majoring', 'indepth', 'service', 'hotel', 'products', 'estate', 'financebankingeconomicsmarketing', 'network', 'banking', 'ensuring', 'graduated', 'customers', 'sales', 'education', 'problemsolving', 'sector', 'competencies', 'relationship', 'college', 'understanding', 'highend', 'withstand', 'taking', 'leaders', 'field', 'requires', 'pressure', 'higher', 'experience', 'coordinate', 'special', 'one', 'hoteltourism', 'priority', 'university', 'communication', 'services', 'finance', 'administration', 'adhere', 'independently', 'majors', 'honesty', 'always', 'transparency', 'investment', 'real', 'securities', 'business', 'relationships', 'ability', 'knowledgeexpertise', 'developing', 'related', 'financial', 'wide', 'customer', 'individuals', 'years'}",16224,Cạnh tranh
Bắc Ninh,1.0,Manager,['bank'],Official,"['laptop', 'insurance', 'travel', 'allowance', 'shuttle', 'bus', 'overseas', 'uniform', 'salary', 'increase']","{'field', 'skills', 'banks', 'experience', 'economics', 'good', 'majoring', 'working', 'accounting', 'evaluation', 'hold', 'university', 'manager', 'products', 'understand', 'services', 'lead', 'finance', 'credit', 'departmentsenior', 'banking', 'graduated', 'customers', 'position', 'corporate', 'teamwork', 'head', 'business', 'relationships', 'models', 'ability', 'schools', 'headdeputy', 'analysis', 'large', 'institutions', 'build', 'financial', 'goals', 'manage', 'least', 'strategic', 'years'}",19090,Cạnh tranh
Đồng Nai,1.0,Employee,"['law', 'legal', 'banking', 'finance', 'investment']",Official,"['insurance', 'travel', 'allowance', 'uniform', 'bonus', 'health', 'care', 'training', 'salary', 'increase', 'business', 'trip', 'seniority', 'annual', 'leave']","{'skills', 'problem', 'experience', 'solving', 'similar', 'knowledge', 'given', 'negotiation', 'priority', 'debt', 'minimum', 'finance', 'credit', 'banking', 'position', 'law', 'collection', 'teamwork', 'year', 'positions', 'institutions', 'related'}",5309,Cạnh tranh
Hồ Chí Minh,4.0,Employee,"['interior', 'exterior']",Official,"['insurance', 'travel', 'bonus', 'health', 'care', 'training', 'salary', 'increase']","{'negotiable', 'saturday', 'international', 'experience', 'interior', 'construction', 'benefits', 'decoration', 'place', 'district', 'older', 'state', 'working', 'office', 'university', 'enjoy', 'regulations', 'friday', 'certificate', 'design', 'major', 'hours', 'according', 'age', 'qualification', 'pm', 'full', 'college', 'monday', 'old', 'years'}",2,Cạnh tranh
Hồ Chí Minh,1.5,Employee,"['marine', 'mechanical', 'automotive', 'automation', 'electrical', 'electronics', 'refrigeration']",Official,"['insurance', 'training', 'business', 'trip', 'annual', 'leave']","{'required', 'field', 'experience', 'learner', 'interest', 'experiences', 'remote', 'robots', 'including', 'travel', 'machines', 'nearshore', 'working', 'platforms', 'drivers', 'office', 'intelligent', 'environments', 'cubicles', 'certificate', 'sea', 'active', 'sites', 'standard', 'nice', 'operational', 'locations', 'demonstrated', 'frequent', 'offshore', 'technical', 'vessels', 'comfortable', 'competence', 'trials', 'license', 'role', 'related', 'fluency', 'handson', 'english', 'diverse', 'autonomous', 'involves', 'practical', 'years'}",22,Cạnh tranh
Hà Nội,1.0,Employee,"['sales', 'business', 'banking', 'finance', 'investment']",Official,"['insurance', 'travel', 'uniform', 'bonus', 'health', 'care', 'training', 'salary', 'increase', 'annual', 'leave']","{'skills', 'creditbanking', 'higher', 'experience', 'economics', 'using', 'selfmanagement', 'knowledge', 'given', 'relationshipsportfolios', 'work', 'negotiation', 'software', 'working', 'priority', 'person', 'managing', 'via', 'degree', 'data', 'analyze', 'products', 'services', 'communication', 'synthesize', 'email', 'finance', 'information', 'bankingfinancial', 'banking', 'providing', 'customers', 'presentation', 'management', 'sales', 'individual', 'processesproceduresstandards', 'majors', 'search', 'effectively', 'level', 'retail', 'communicate', 'plan', 'sector', 'qualifications', 'educational', 'competencies', 'year', 'college', 'understanding', 'knowledgeexpertise', 'independent', 'timework', 'developing', 'related', 'relevant', 'basic', 'manage', 'customer', 'least', 'years'}",0,Cạnh tranh
Quảng Bình,4.0,Chief,"['sales', 'business', 'customer', 'service', 'banking']",Official,"['insurance', 'allowance', 'uniform', 'bonus', 'health', 'care', 'training', 'salary', 'increase', 'business', 'trip', 'annual', 'leave']","{'skills', 'banks', 'qualified', 'discovers', 'recruitment', 'control', 'costs', 'especially', 'following', 'title', 'usually', 'negotiation', 'science', 'requirements', 'recruit', 'professional', 'majoring', 'results', 'objective', 'yet', 'service', 'banking', 'lpbank', 'application', 'education', 'participate', 'selected', 'teams', 'writing', 'sector', 'named', 'quang', 'refuse', 'etc', 'participating', 'please', 'instructions', 'andor', 'least', 'addressthongbaotuyendunglpbankcomvn', 'process', 'cases', 'fees', 'incur', 'experience', 'fair', 'plans', 'send', 'applicants', 'understood', 'negative', 'university', 'notified', 'lead', 'email', 'accepted', 'collect', 'information', 'administration', 'days', 'lpbanks', 'sectors', 'majors', 'based', 'external', 'develop', 'even', 'meeting', 'synthesis', 'director', 'relationships', 'valuation', 'without', 'exam', 'related', 'follows', 'comply', 'unsuitablenot', 'product', 'years', 'note', 'name', 'report', 'technology', 'directly', 'right', 'knowledge', 'processes', 'end', 'economic', 'good', 'creating', 'staff', 'hoa', 'working', 'employee', 'phoneemailmessage', 'case', 'products', 'regular', 'file', 'planning', 'credit', 'auditing', 'graduated', 'format', 'management', 'quantity', 'valid', 'candidates', 'applications', 'program', 'activities', 'pass', 'handling', 'binh', 'force', 'quality', 'implementing', 'next', 'grantingappraisal', 'understanding', 'invitations', 'transparent', 'resource', 'provide', 'collateral', 'provision', 'specific', 'higher', 'recipient', 'quit', 'preliminary', 'one', 'forecasting', 'minh', 'receive', 'accounting', 'via', 'procedures', 'form', 'communication', 'services', 'excel', 'regulations', 'appraisal', 'finance', 'notify', 'sensitive', 'go', 'general', 'contacted', 'internal', 'bank', 'according', 'inaccurate', 'train', 'rounds', 'tuyendunglpbankcomvn', 'job', 'intermediary', 'granting', 'completely', 'analytical', 'ability', 'address', 'notifying', 'branch', 'submit', 'customer', 'individuals'}",7890,Cạnh tranh
Hà Nội,6.5,Manager,"['banking', 'administrative', 'secretarial', 'accounting', 'auditing']",Official,"['insurance', 'travel', 'allowance', 'bonus', 'health', 'care', 'training', 'salary', 'increase', 'annual', 'leave']","{'saturday', 'assertive', 'skill', 'banks', 'economics', 'knowledge', 'proactive', 'good', 'graduate', 'framework', 'working', 'cultural', 'operations', 'service', 'thinking', 'talents', 'loans', 'friendly', 'friday', 'planning', 'morningsmonth', 'banking', 'management', 'position', 'adaptability', 'law', 'industry', 'participate', 'activities', 'demanding', 'logical', 'compulsory', 'holidays', 'year', 'understanding', 'monday', 'mode', 'vuca', 'critical', 'least', 'dynamic', 'competitive', 'many', 'two', 'labor', 'experience', 'benefits', 'preferential', 'opportunities', 'analytics', 'environment', 'sports', 'high', 'data', 'university', 'attractive', 'communication', 'stakeholders', 'teambuilding', 'strong', 'advantage', 'finance', 'vpbank', 'morning', 'contexts', 'policy', 'performance', 'employees', 'learning', 'agility', 'major', 'depending', 'bank', 'curiosity', 'according', 'influencing', 'job', 'passionate', 'development', 'prediction', 'selfmotivated', 'income', 'analytical', 'managementbanking', 'new', 'ability', 'courses', 'timeget', 'role', 'modeling', 'financial', 'interesting', 'time', 'events', 'rank', 'years'}",16224,Cạnh tranh
Hà Nội,4.0,Employee,"['banking', 'finance', 'investment']",Official,"['laptop', 'insurance', 'travel', 'allowance', 'overseas', 'uniform', 'bonus', 'health', 'care', 'training', 'salary', 'increase', 'business', 'trip', 'annual', 'leave', 'sports', 'club']","{'skills', 'economics', 'control', 'bottom', 'knowledge', 'principled', 'work', 'proactive', 'assessment', 'graduate', 'person', 'working', 'office', 'company', 'direction', 'solved', 'sensitively', 'management', 'project', 'rules', 'improvement', 'collision', 'candidates', 'standards', 'activities', 'handling', 'qualities', 'quality', 'interests', 'positions', 'understanding', 'departments', 'least', 'process', 'many', 'problem', 'experience', 'flexible', 'given', 'afraid', 'personal', 'integrity', 'iso', 'software', 'analyzing', 'priority', 'behavioral', 'word', 'university', 'exploiting', 'qcqa', 'communication', 'excel', 'advantage', 'finance', 'information', 'able', 'employees', 'developmentdigitalization', 'meticulous', 'situations', 'independently', 'always', 'thoughts', 'tools', 'develop', 'use', 'operational', 'aiming', 'development', 'ability', 'love', 'think', 'implementationsystem', 'basic', 'line', 'years'}",5441,Cạnh tranh
Dak Nông,4.0,Manager,"['marketing', 'retail', 'wholesale', 'sales', 'business']",Official,"['insurance', 'allowance', 'bonus', 'health', 'care', 'training', 'salary', 'increase', 'business', 'trip', 'annual', 'leave']","{'flexibly', 'skills', 'pressure', 'higher', 'experience', 'week', 'organization', 'persuasion', 'work', 'software', 'working', 'decision', 'high', 'day', 'degree', 'office', 'university', 'communication', 'operation', 'making', 'presentation', 'management', 'independently', 'situations', 'per', 'hours', 'plan', 'implement', 'proficient', 'language', 'foreign', 'sunday', 'ability', 'implementation', 'analysis', 'withstand', 'monday', 'listening', 'team', 'english', 'handle', 'years'}",0,Cạnh tranh
Khánh Hòa,4.0,Manager,['bank'],Official,"['insurance', 'travel', 'bonus', 'health', 'care', 'training', 'salary', 'increase']","{'required', 'trade', 'skills', 'banks', 'higher', 'experience', 'economics', 'field', 'department', 'master', 'knowledge', 'state', 'mobilization', 'majoring', 'working', 'accounting', 'degree', 'procedures', 'operations', 'university', 'products', 'services', 'understand', 'finance', 'credit', 'administration', 'banking', 'management', 'leadership', 'position', 'education', 'bank', 'activities', 'corporate', 'head', 'sector', 'area', 'foreign', 'business', 'legal', 'year', 'capital', 'commercial', 'policies', 'institutions', 'related', 'clients', 'baoviet', 'least', 'years'}",7991,Cạnh tranh
Bến Tre,1.0,Employee,"['electrical', 'electronics', 'refrigeration', 'mechanical', 'automotive', 'automation', 'manufacturing', 'production', 'operation']",Official,"['insurance', 'uniform', 'bonus', 'training', 'salary', 'increase', 'annual', 'leave']","{'experience', 'technology', 'machinery', 'given', 'careful', 'work', 'environment', 'fields', 'working', 'priority', 'degree', 'intermediate', 'operating', 'equipment', 'minimum', 'willing', 'diligent', 'cooperative', 'able', 'technical', 'factory', 'food', 'shifts', 'related', 'responsible', 'team'}",0,Cạnh tranh
Hồ Chí Minh,4.0,Leader,"['sales', 'business', 'consulting', 'education', 'training']",Official,"['laptop', 'insurance', 'travel', 'bonus', 'health', 'care', 'training', 'salary', 'increase', 'annual', 'leave']","{'resultoriented', 'skills', 'pressure', 'solution', 'mitigate', 'experience', 'mindset', 'effective', 'flexible', 'evenings', 'work', 'including', 'good', 'professional', 'working', 'people', 'literacy', 'communication', 'stakeholders', 'minimum', 'able', 'management', 'leadership', 'sales', 'appearance', 'effectively', 'education', 'industry', 'develop', 'hours', 'weekends', 'issues', 'organizational', 'computer', 'year', 'ability', 'driven', 'smoothly', 'necessarily', 'influence', 'years'}",5968,Cạnh tranh
Hà Nội,4.0,Employee,"['customer', 'service', 'banking', 'finance', 'investment']",Official,"['insurance', 'travel', 'uniform', 'bonus', 'health', 'care', 'training', 'salary', 'increase', 'business', 'trip', 'allowance', 'seniority', 'annual', 'leave']","{'field', 'skills', 'higher', 'experience', 'knowledge', 'work', 'good', 'requirements', 'fields', 'degree', 'operations', 'university', 'debt', 'strong', 'finance', 'credit', 'certificate', 'banking', 'administration', 'major', 'law', 'communicate', 'handling', 'sector', 'legal', 'relationships', 'understanding', 'build', 'related', 'least', 'years'}",8722,Cạnh tranh
Vĩnh Long,2.5,Leader,"['sales', 'business', 'banking']",Official,"['insurance', 'travel', 'allowance', 'bonus', 'health', 'care', 'training', 'salary', 'increase', 'business', 'trip', 'seniority', 'annual', 'leave']","{'vip', 'field', 'skills', 'higher', 'experience', 'economics', 'knowledge', 'given', 'building', 'negotiation', 'good', 'perspective', 'life', 'working', 'priority', 'professional', 'degree', 'service', 'hotel', 'thinking', 'university', 'products', 'services', 'communication', 'finance', 'organizations', 'specialist', 'banking', 'tbpteam', 'customers', 'management', 'sales', 'position', 'leader', 'funds', 'financialbanking', 'investment', 'securities', 'equivalent', 'senior', 'teamwork', 'qualities', 'broker', 'companies', 'star', 'relationship', 'positions', 'confident', 'understandingknowledge', 'analysis', 'related', 'customer', 'least', 'dynamic', 'years'}",8309,Cạnh tranh
